episode,total_reward,episode_length,collision_occurred,overtaking_complete,total_violations,avg_speed
0,40.119482796095646,40,False,False,0,0.2518669
1,-259.9793889989549,40,False,False,30,0.25032204
2,40.02061100104509,40,False,False,0,0.25032204
3,42.02061100104507,40,False,False,0,0.25032204
4,40.02061100104509,40,False,False,0,0.25032204
5,-297.88051720390416,40,False,False,34,0.2518669
6,42.02061100104507,40,False,False,0,0.25032204
7,-287.8805172039041,40,False,True,38,0.2518669
8,40.02061100104509,40,False,False,0,0.25032204
9,40.02061100104509,40,False,False,0,0.25032204
10,-59.88051720390435,40,False,False,10,0.2518669
11,-199.9793889989549,40,False,False,24,0.25032204
12,-139.17938899895492,40,False,True,18,0.26282206
13,-119.67938899895492,40,False,True,16,0.25500956
14,-296.9805104292063,40,False,True,34,0.26592952
15,40.02061100104509,40,False,False,0,0.25032204
16,-168.8793889989549,40,False,True,21,0.26750952
17,-138.9793889989549,21,True,False,6,0.25061345
18,-319.6793889989549,40,False,False,36,0.25500956
19,40.119482796095646,40,False,False,0,0.2518669
