{
  "success_rate": 0.0,
  "collision_rate": 45.0,
  "violation_rate": 55.00000000000001,
  "avg_violations_per_episode": 2.2,
  "avg_reward": -41.22706855581863,
  "avg_speed": 0.2650659382343292,
  "avg_episode_length": 24.2,
  "total_episodes": 20,
  "avg_success_time": 0
}