episode,total_reward,episode_length,collision_occurred,overtaking_complete,total_violations,avg_speed
0,-124.30354636062009,5,True,False,3,0.27308708
1,-236.6293889989572,40,False,False,28,0.25029987
2,-123.40244556844249,6,True,False,3,0.29674354
3,-124.55244556822431,5,True,False,3,0.29395965
4,-116.48582453090604,3,True,False,2,0.30503654
5,-124.11689001306105,5,True,False,3,0.30413875
6,-133.20557370203866,6,True,False,4,0.29876146
7,40.16917507847427,40,False,False,0,0.25027776
8,-179.22938908667004,40,False,False,22,0.2502728
9,-116.54664802960636,3,True,False,2,0.29236498
10,-124.30465638092878,5,True,False,3,0.2786562
11,-124.35465638092876,5,True,False,3,0.28261137
12,40.02061100104509,40,False,False,0,0.25032204
13,-125.30000000000001,4,True,False,3,0.2763626
14,-121.71727176805578,7,True,False,3,0.30649358
15,-131.74592704992492,7,True,False,4,0.30393508
16,-199.88051720390436,40,False,False,24,0.2518669
17,-115.98190768127881,40,False,False,16,0.25184518
18,40.02061100104509,40,False,False,0,0.25032204
19,42.02061100104507,40,False,False,0,0.25032204
