episode,total_reward,episode_length,collision_occurred,overtaking_complete,total_violations,avg_speed
0,42.02061100104507,40,False,False,0,0.25032204
1,-125.4946056907799,4,True,False,3,0.29771787
2,-237.09460569050916,20,True,False,16,0.30954355
3,-125.265568653625,4,True,False,3,0.30225492
4,40.52061100104506,40,False,False,0,0.25029987
5,-195.979388998955,40,False,False,24,0.25032204
6,-202.85,15,True,False,12,0.30016312
7,42.120094521460516,40,False,False,0,0.25029987
8,41.96919231898157,40,False,False,0,0.25029987
9,-167.45112420902774,11,True,False,8,0.30155432
10,-67.98190768127871,40,False,False,11,0.25184518
11,41.96919231898157,40,False,False,0,0.25029987
12,-202.85112420902772,15,True,False,12,0.30072314
13,-185.15112420902773,13,True,False,10,0.29891133
14,-227.0655686534721,20,True,False,15,0.31045097
15,-119.97938899895492,40,False,False,16,0.25032204
16,40.570611001045066,40,False,False,0,0.25029987
17,-150.90112420902773,8,True,False,6,0.30299163
18,-176.30112420902773,12,True,False,9,0.3061611
19,40.119482796095646,40,False,False,0,0.2518669
