episode,total_reward,episode_length,collision_occurred,overtaking_complete,total_violations,avg_speed
0,-124.25354636062009,5,True,False,3,0.27330765
1,-237.97938899895476,40,False,False,28,0.25032204
2,-266.18051320798253,40,False,True,36,0.27842948
3,-192.85112420902772,15,True,False,11,0.30011624
4,-219.39999999999998,18,True,False,14,0.30446947
5,-150.8946056905092,8,True,False,6,0.30510893
6,-133.2011242090277,6,True,False,4,0.29243293
7,41.96919231898157,40,False,False,0,0.25029987
8,-177.62938908661542,40,False,False,22,0.25029987
9,-210.54999999999998,17,True,False,13,0.3011147
10,-326.78051320798255,40,False,True,37,0.26905447
11,-134.3511242090269,5,True,False,4,0.27534878
12,40.02061100104509,40,False,False,0,0.25032204
13,-125.30000000000001,4,True,False,3,0.2763626
14,-266.3793889989549,40,False,True,31,0.27532202
15,-149.75112420902772,9,True,False,6,0.29186046
16,-238.24999999999994,19,True,False,16,0.3062
17,-107.88051720390439,40,False,False,15,0.2518669
18,40.02061100104509,40,False,False,0,0.25032204
19,42.02061100104507,40,False,False,0,0.25032204
